CC,Year,EPS,WIP,Block,GDPpc,Education
AUT,2000,1.8888888,26.775957,0,29381.672832,30.473413
AUT,2001,1.8888888,26.775957,0,29708.48945,30.473413
AUT,2002,1.8888888,33.87978,0,31178.051444,30.473413
AUT,2003,2.1944444,33.87978,0,32158.459529,30.473413
AUT,2004,2.1944444,33.87978,0,33784.446804,30.473413
AUT,2005,2.3055556,33.87978,0,35024.557484,30.570971
AUT,2006,2.5277777,32.240437,0,37662.888035,31.518833
AUT,2007,2.25,32.786884,0,39437.038795,31.065872
AUT,2008,2.6666667,27.322405,0,41316.022642,32.680725
AUT,2009,2.9444444,27.868853,0,40927.556365,33.408676
AUT,2010,3.0833333,27.868853,0,42019.005887,33.863789
AUT,2011,3.0555556,27.868853,0,44469.209642,34.808361
AUT,2012,2.9444444,27.868853,0,46477.655075,36.127834
AUT,2013,3.2777777,33.333332,0,47936.677963,38.666092
AUT,2014,3.1111112,32.240437,0,48813.534409,38.403149
AUT,2015,2.9444444,30.601093,0,49942.056293,38.626846
AUT,2016,2.9444444,30.601093,0,52665.087457,39.671021
AUT,2017,2.9444444,34.42623,0,54188.360666,40.324657
AUT,2018,3.0833333,34.42623,0,56956.110562,40.458271
AUT,2019,3.1388888,39.34426,0,59716.251399,41.610401
AUT,2020,3.3055556,39.34426,0,57235.673886,41.419125
BEL,2000,1.5555556,23.333334,0,27790.064114,36.020634
BEL,2001,1.5555556,23.333334,0,28793.52095,37.506115
BEL,2002,1.6111112,23.333334,0,30282.254116,37.643967
BEL,2003,1.5555556,35.333332,0,30934.525167,38.910217
BEL,2004,2.4722223,34.666668,0,32063.379543,40.730312
BEL,2005,2.5833333,34.666668,0,33177.947339,40.605904
BEL,2006,2.6388888,34.666668,0,35256.775979,41.863441
BEL,2007,2.3055556,35.333332,0,36795.850249,41.339031
BEL,2008,2.6388888,35.333332,0,37883.233422,42.271435
BEL,2009,2.6666667,38.0,0,37749.885736,42.484257
BEL,2010,2.5555556,39.333332,0,39837.995894,43.801159
BEL,2011,2.9444444,38.0,0,40942.230717,42.455688
BEL,2012,3.0555556,38.0,0,42290.858433,42.989902
BEL,2013,2.9444444,38.0,0,43671.146878,42.663147
BEL,2014,2.9444444,39.333332,0,44929.532494,44.239079
BEL,2015,2.8333333,39.333332,0,46200.86629,43.144318
BEL,2016,2.8888888,39.333332,0,48597.487117,44.311111
BEL,2017,2.9444444,38.0,0,50442.060625,45.725086
BEL,2018,3.0,38.0,0,52530.381806,47.397144
BEL,2019,3.2222223,42.0,0,55804.725289,47.282982
BEL,2020,3.4444444,41.333332,0,54652.164337,48.508053
CHE,2000,2.25,23.0,0,36351.765418,25.571112
CHE,2001,2.25,23.0,0,37514.754782,25.608202
CHE,2002,2.25,23.0,0,38410.604089,26.701601
CHE,2003,2.25,25.0,0,38448.713551,29.236425
CHE,2004,2.25,25.0,0,39884.900157,30.414423
CHE,2005,2.2777777,25.0,0,41244.643767,31.038237
CHE,2006,2.2777777,25.0,0,45963.055317,32.229095
CHE,2007,2.5277777,28.5,0,50584.577372,35.022648
CHE,2008,3.1666667,28.5,0,53498.013101,38.482616
CHE,2009,3.3611112,29.0,0,52732.723576,39.979767
CHE,2010,3.3333333,29.0,0,54349.191874,37.405544
CHE,2011,3.5555556,28.5,0,57493.56602,38.016293
CHE,2012,3.6388888,29.0,0,59440.934085,39.260506
CHE,2013,3.6388888,31.0,0,61656.490978,41.891548
CHE,2014,4.0555553,31.0,0,63417.043081,44.214348
CHE,2015,4.0277777,32.0,0,65265.050827,46.502586
CHE,2016,4.1388888,32.0,0,67350.735189,48.844658
CHE,2017,4.1388888,32.5,0,68193.502958,50.136665
CHE,2018,4.4166665,32.5,0,70688.84449,51.206909
CHE,2019,4.2222223,41.5,0,72668.72555,52.695705
CHE,2020,4.5,41.5,0,71010.450577,52.972816
CZE,2000,1.4166666,15.0,1,16211.043497,11.199056
CZE,2001,1.4166666,15.0,1,17611.358497,11.27721
CZE,2002,2.1666667,17.0,1,18245.669005,12.26703
CZE,2003,2.4166667,17.0,1,19524.399624,12.051159
CZE,2004,2.4166667,17.0,1,20912.054683,12.978498
CZE,2005,2.4166667,17.0,1,22045.99888,14.231308
CZE,2006,2.7222223,15.5,1,23857.518264,15.246418
CZE,2007,2.6388888,15.5,1,26224.942173,15.472363
CZE,2008,3.0833333,15.5,1,27853.549898,17.674837
CZE,2009,3.1944444,15.5,1,27635.956473,20.240141
CZE,2010,3.1111112,22.0,1,27766.983552,22.630354
CZE,2011,3.1111112,22.0,1,28999.754757,25.124683
CZE,2012,3.25,22.0,1,29258.904853,27.832432
CZE,2013,3.0,19.5,1,30828.526409,29.195036
CZE,2014,2.5,19.5,1,32504.217576,29.88735
CZE,2015,2.5555556,20.0,1,33909.309243,31.010311
CZE,2016,2.7222223,20.0,1,36101.285601,32.564495
CZE,2017,2.7222223,22.0,1,38842.896268,33.821026
CZE,2018,2.8888888,22.0,1,41157.370409,33.328793
CZE,2019,3.1111112,22.5,1,44223.295751,32.580391
CZE,2020,2.9444444,22.5,1,42817.867499,33.001759
DEU,2000,1.7777778,30.941704,0,27456.262771,22.250971
DEU,2001,1.7777778,31.081081,0,28663.895351,21.779524
DEU,2002,2.4166667,32.17247,0,29504.28924,21.739561
DEU,2003,2.6666667,32.17247,0,30270.992251,21.799734
DEU,2004,2.7777777,32.75,0,31741.875731,22.942751
DEU,2005,2.8888888,31.758957,0,32236.740986,22.494616
DEU,2006,2.9444444,31.59609,0,34664.541909,21.983997
DEU,2007,2.7777777,31.647635,0,36863.113348,22.62182
DEU,2008,3.0277777,32.18954,0,38432.448211,23.916872
DEU,2009,3.1388888,32.79743,0,37465.456323,25.655298
DEU,2010,3.0833333,32.79743,0,39675.00238,26.133959
DEU,2011,3.1666667,32.903225,0,42541.513126,27.67141
DEU,2012,3.0555556,32.903225,0,43359.541048,28.956329
DEU,2013,3.2222223,36.45008,0,44993.667838,29.995255
DEU,2014,3.1111112,36.45008,0,47011.280402,28.422802
DEU,2015,3.0277777,36.45008,0,47609.557159,29.588667
DEU,2016,3.0833333,36.45008,0,50579.483717,30.527618
DEU,2017,3.0277777,30.747532,0,53071.478374,31.308737
DEU,2018,3.25,30.747532,0,55195.722049,32.281734
DEU,2019,3.3055556,30.888575,0,57411.520685,33.260235
DEU,2020,3.4722223,31.170664,0,56454.181109,34.876732
DNK,2000,2.0,37.43017,0,28672.330304,29.295521
DNK,2001,2.0,37.988827,0,29452.760705,31.066076
DNK,2002,1.888889,37.988827,0,30639.953691,32.359928
DNK,2003,2.6388888,37.988827,0,30825.225589,35.009655
DNK,2004,2.8055556,37.988827,0,32948.16657,37.593121
DNK,2005,3.0277777,36.87151,0,34152.881663,39.83181
DNK,2006,3.1388888,36.87151,0,37333.84624,40.808071
DNK,2007,3.1388888,37.988827,0,39021.411928,36.185223
DNK,2008,3.1944444,37.988827,0,41282.995471,36.165295
DNK,2009,3.4166667,37.988827,0,40332.516629,37.435608
DNK,2010,4.0833335,37.988827,0,43006.150516,37.608952
DNK,2011,4.2222223,39.106144,0,44407.94207,38.600784
DNK,2012,3.8888888,39.106144,0,44808.549212,40.192459
DNK,2013,4.0555553,39.106144,0,46742.939663,40.929459
DNK,2014,4.1111112,39.106144,0,47905.477079,42.130608
DNK,2015,4.0277777,37.43017,0,49058.142344,43.043034
DNK,2016,3.9444444,37.43017,0,51967.020438,44.594067
DNK,2017,4.0277777,37.43017,0,55356.49009,45.537395
DNK,2018,3.7777777,37.43017,0,57479.350221,45.83231
DNK,2019,3.6666667,39.106144,0,59884.11738,47.097672
DNK,2020,3.7222223,39.664806,0,60768.060489,42.575157
ESP,2000,1.4722222,28.285715,0,21595.594901,33.978283
ESP,2001,1.4722222,28.285715,0,23001.078439,35.42757
ESP,2002,1.4722222,28.285715,0,24376.32871,37.484509
ESP,2003,1.4722222,28.285715,0,25042.28983,37.90205
ESP,2004,2.2222223,36.0,0,26182.039287,38.99802
ESP,2005,2.3611112,36.0,0,27600.937175,40.703537
ESP,2006,2.3888888,36.0,0,30743.713954,40.32674
ESP,2007,2.4722223,36.57143,0,32467.040986,40.025246
ESP,2008,2.5555556,36.285713,0,33242.245427,40.047447
ESP,2009,2.6666667,36.57143,0,32089.527557,39.458729
ESP,2010,2.6111112,36.57143,0,31690.887692,40.312317
ESP,2011,2.8333333,36.0,0,31872.363088,40.311493
ESP,2012,2.8055556,36.0,0,31724.785352,40.386406
ESP,2013,2.2222223,36.0,0,32463.123679,41.089592
ESP,2014,2.3888888,39.714287,0,33558.976673,41.477402
ESP,2015,2.3888888,41.142857,0,34945.481614,40.959778
ESP,2016,2.2777777,39.142857,0,37333.06491,40.980919
ESP,2017,2.2777777,39.142857,0,39601.479631,42.644691
ESP,2018,2.4444444,39.142857,0,40776.768298,44.259609
ESP,2019,2.4444444,44.0,0,43135.741954,46.508266
ESP,2020,2.5,44.0,0,38030.728528,47.379524
FIN,2000,2.0833333,36.5,0,26789.925656,38.671585
FIN,2001,2.0833333,36.5,0,27801.065401,37.934616
FIN,2002,2.5833333,36.5,0,28605.122922,37.934616
FIN,2003,2.4166667,37.5,0,29053.042068,37.934616
FIN,2004,2.6388888,37.5,0,31201.7603,38.172512
FIN,2005,2.75,37.5,0,32051.762889,37.541725
FIN,2006,2.9722223,38.0,0,34452.676186,38.451385
FIN,2007,2.9722223,41.5,0,37843.270084,39.297249
FIN,2008,3.1944444,41.5,0,40083.701943,38.289055
FIN,2009,3.1666667,40.0,0,37972.457701,39.388084
FIN,2010,3.1111112,40.0,0,38954.131777,39.207012
FIN,2011,3.75,42.5,0,40916.647325,39.377258
FIN,2012,3.6388888,42.5,0,40872.854802,39.749657
FIN,2013,3.6388888,42.5,0,41492.918416,39.992779
FIN,2014,3.6944444,42.5,0,41749.864733,40.308151
FIN,2015,3.8611112,41.5,0,42490.211049,40.524899
FIN,2016,3.8333333,41.5,0,44934.488245,41.13372
FIN,2017,3.8333333,42.0,0,47570.270354,41.253643
FIN,2018,3.9166667,42.0,0,49573.255773,41.313869
FIN,2019,3.8055556,47.0,0,51811.599332,41.820766
FIN,2020,4.1111112,46.0,0,52294.342491,44.665718
FRA,2000,1.75,10.918544,0,26099.7352,31.375711
FRA,2001,1.6666666,10.918544,0,27499.541566,34.232525
FRA,2002,2.0,12.131716,0,28528.156107,36.053307
FRA,2003,2.0833333,12.195122,0,28178.57676,37.855179
FRA,2004,2.8333333,12.195122,0,29065.215266,38.220337
FRA,2005,2.8611112,12.195122,0,30504.058784,39.776222
FRA,2006,3.0833333,12.195122,0,32472.263308,41.416058
FRA,2007,3.25,18.197573,0,34132.697684,41.444328
FRA,2008,3.4166667,18.197573,0,35102.870428,40.825264
FRA,2009,3.6944444,18.890814,0,34686.479663,43.149895
FRA,2010,3.6111112,18.890814,0,35910.195851,42.87175
FRA,2011,3.9444444,18.890814,0,37447.949543,42.988277
FRA,2012,3.9166667,26.863085,0,37684.198067,42.909988
FRA,2013,3.9166667,26.863085,0,39528.473644,44.055721
FRA,2014,4.2222223,26.169844,0,40144.059485,44.726288
FRA,2015,4.0277777,26.169844,0,40829.893311,44.687599
FRA,2016,3.9166667,26.169844,0,42855.944562,44.036968
FRA,2017,4.1666665,38.9948,0,44444.934559,44.34428
FRA,2018,4.5555553,39.583332,0,46336.933985,46.937691
FRA,2019,4.7222223,39.68804,0,50226.680167,48.052528
FRA,2020,4.8888888,39.514732,0,47982.359606,49.449242
GBR,2000,1.3333334,18.361153,0,26534.517918,28.901674
GBR,2001,1.3333334,17.905918,0,27915.785918,30.066694
GBR,2002,1.3333334,17.905918,0,29091.26654,31.410488
GBR,2003,2.1388888,17.905918,0,30322.775119,33.321693
GBR,2004,2.1388888,18.057663,0,32075.022998,34.897144
GBR,2005,2.3055556,19.659443,0,32719.743558,35.345379
GBR,2006,2.4166667,19.659443,0,34744.126142,41.8297
GBR,2007,2.25,19.504644,0,35521.72105,43.08427
GBR,2008,2.4722223,19.504644,0,36734.676772,43.337868
GBR,2009,2.6666667,19.504644,0,35033.288916,45.283749
GBR,2010,3.3611112,22.0,0,36495.793496,46.046906
GBR,2011,3.3333333,22.307692,0,37208.971903,46.910782
GBR,2012,2.8888888,22.461538,0,38340.215681,47.860847
GBR,2013,3.2222223,22.461538,0,39968.102283,48.31358
GBR,2014,3.75,22.615385,0,41281.542063,49.185982
GBR,2015,3.8611112,29.384615,0,42500.909156,49.943413
GBR,2016,3.3611112,29.583975,0,44057.689096,51.775383
GBR,2017,3.4722223,32.0,0,46061.354379,51.624851
GBR,2018,3.5277777,32.153847,0,47107.7092,50.752552
GBR,2019,3.5277777,32.0,0,49220.202708,51.809521
GBR,2020,3.6111112,33.846153,0,45756.801675,55.833538
GRC,2000,1.3888888,8.666667,0,19519.978023,23.921938
GRC,2001,1.3888888,8.666667,0,20958.780315,23.480356
GRC,2002,1.3888888,8.666667,0,22615.957435,23.705975
GRC,2003,1.4722222,8.666667,0,23897.755346,23.732121
GRC,2004,1.4166666,14.0,0,25460.561383,25.493637
GRC,2005,1.7777778,13.0,0,25577.445437,25.663805
GRC,2006,1.8888888,13.0,0,28547.218881,27.022612
GRC,2007,1.9722222,14.666667,0,29323.909492,28.066544
GRC,2008,2.25,14.666667,0,30855.935774,28.454678
GRC,2009,2.4444444,17.333334,0,30359.446595,29.599367
GRC,2010,2.6111112,17.333334,0,27911.57449,31.15996
GRC,2011,2.75,18.666666,0,25671.409119,32.736923
GRC,2012,2.6388888,21.0,0,24911.130276,34.977001
GRC,2013,2.5833333,21.0,0,25986.640698,37.168961
GRC,2014,2.8888888,21.0,0,26625.159298,38.66687
GRC,2015,3.0555556,19.666666,0,26760.280798,40.063866
GRC,2016,2.8888888,19.666666,0,27511.803202,40.979172
GRC,2017,2.8611112,18.333334,0,28604.829152,42.479965
GRC,2018,2.8611112,18.666666,0,29617.518625,42.821678
GRC,2019,2.8333333,20.666666,0,31155.301081,42.406635
GRC,2020,2.8888888,21.666666,0,28349.491127,43.685429
HUN,2000,1.2222222,8.290155,1,11855.464682,14.693064
HUN,2001,1.4722222,8.290155,1,13210.457753,14.780178
HUN,2002,1.6111112,9.067357,1,14526.388251,14.986973
HUN,2003,2.3611112,9.84456,1,15479.026769,16.786734
HUN,2004,2.2222223,9.090909,1,16268.938786,18.881723
HUN,2005,2.8333333,9.090909,1,17108.340595,19.573023
HUN,2006,2.9722223,10.362695,1,18382.558594,20.717684
HUN,2007,2.7777777,11.139896,1,19096.705486,21.989632
HUN,2008,3.0555556,11.139896,1,20721.502411,23.960701
HUN,2009,3.6388888,11.139896,1,20722.886939,25.0688
HUN,2010,3.5277777,9.067357,1,21741.545922,26.019491
HUN,2011,3.6666667,8.8082905,1,23029.447178,28.107714
HUN,2012,3.5555556,8.8082905,1,23267.448393,30.430923
HUN,2013,2.8888888,8.8082905,1,24547.980456,30.876373
HUN,2014,2.8888888,10.050251,1,25691.527335,32.109055
HUN,2015,2.9722223,10.10101,1,26798.854228,32.12635
HUN,2016,2.6944444,10.10101,1,27941.926751,30.400248
HUN,2017,3.1111112,10.050251,1,29496.163748,30.162258
HUN,2018,2.6944444,12.562814,1,31908.863431,30.576908
HUN,2019,2.75,12.562814,1,34645.565383,30.589085
HUN,2020,2.8055556,12.060302,1,34169.922355,30.688835
IRL,2000,1.2222222,12.048193,0,30218.776099,29.803612
IRL,2001,1.1666666,12.048193,0,32594.17983,33.406429
IRL,2002,1.2222222,13.253012,0,35222.81925,35.213902
IRL,2003,1.9722222,13.253012,0,36280.535976,37.062382
IRL,2004,2.0277777,13.253012,0,38761.427777,39.63393
IRL,2005,2.0833333,13.253012,0,40465.316509,40.673939
IRL,2006,2.4444444,13.253012,0,44268.552868,42.462822
IRL,2007,2.3611112,13.253012,0,46766.183807,44.087189
IRL,2008,2.6388888,13.253012,0,44105.364476,45.064747
IRL,2009,2.6666667,13.939394,0,41436.941843,47.530376
IRL,2010,2.6666667,13.939394,0,43211.902863,48.32497
IRL,2011,2.5833333,15.060241,0,45132.175891,47.42931
IRL,2012,2.5833333,15.060241,0,46304.784189,49.205013
IRL,2013,2.8055556,15.662651,0,47836.18565,51.073551
IRL,2014,2.8611112,15.662651,0,51296.92985,50.768299
IRL,2015,2.8611112,16.26506,0,69305.538798,52.004166
IRL,2016,2.5,22.1519,0,71505.746281,53.430691
IRL,2017,2.4444444,22.1519,0,78252.205616,53.473541
IRL,2018,2.5,22.1519,0,85034.728547,56.174488
IRL,2019,2.5555556,22.1519,0,89759.238887,55.44936
IRL,2020,3.0,22.5,0,94646.640757,58.383801
ITA,2000,1.7777778,11.111111,0,27077.647701,10.429003
ITA,2001,1.7777778,9.8412695,0,28036.302758,11.754972
ITA,2002,1.9166666,9.8412695,0,28721.076279,12.461238
ITA,2003,1.9166666,11.488673,0,29154.663843,12.695857
ITA,2004,1.9722222,11.525974,0,29481.853691,14.792785
ITA,2005,2.2222223,11.525974,0,30028.488979,16.105026
ITA,2006,3.1388888,17.301588,0,32309.294219,17.283623
ITA,2007,2.9722223,17.301588,0,33960.788711,18.863468
ITA,2008,3.0833333,21.269842,0,35292.601856,19.90484
ITA,2009,3.2777777,21.269842,0,34335.925384,20.160688
ITA,2010,3.4722223,21.269842,0,34838.135774,20.719744
ITA,2011,3.5,21.587301,0,36203.328522,20.983423
ITA,2012,3.5833333,21.428572,0,36091.373957,22.250719
ITA,2013,3.6666667,31.428572,0,36267.925352,22.744907
ITA,2014,4.0,31.428572,0,36475.976061,24.158854
ITA,2015,4.0555553,30.952381,0,37206.331822,25.149963
ITA,2016,4.0555553,30.952381,0,40267.222623,25.584146
ITA,2017,4.0555553,30.952381,0,41951.466331,26.816479
ITA,2018,3.7777777,35.714287,0,43427.663143,27.863623
ITA,2019,3.75,35.714287,0,45799.741922,27.931559
ITA,2020,3.7222223,35.714287,0,43150.115981,28.628069
NLD,2000,1.5555556,36.0,0,31875.989055,26.57077
NLD,2001,1.7222222,36.0,0,33186.914167,26.544241
NLD,2002,1.611111,34.0,0,34447.053372,28.261511
NLD,2003,1.7777778,36.666668,0,34151.984046,32.107986
NLD,2004,1.8055556,36.666668,0,35809.49984,34.481209
NLD,2005,2.75,36.666668,0,37625.252435,35.375629
NLD,2006,2.7777777,36.666668,0,41011.393578,35.957436
NLD,2007,2.7777777,39.333332,0,43943.909747,36.696419
NLD,2008,3.2222223,41.333332,0,46419.042594,39.766335
NLD,2009,3.5555556,42.0,0,44558.440255,40.122009
NLD,2010,3.75,40.666668,0,45042.666206,40.803711
NLD,2011,3.1666667,40.666668,0,46599.227659,39.784946
NLD,2012,3.1388888,38.666668,0,47271.968226,43.036243
NLD,2013,3.0555556,38.666668,0,49242.786711,43.793591
NLD,2014,3.1111112,38.666668,0,49233.230349,45.43515
NLD,2015,3.1944444,37.333332,0,50288.352815,46.253574
NLD,2016,3.3333333,37.333332,0,52289.404292,46.487251
NLD,2017,3.1111112,36.0,0,55089.58143,47.994652
NLD,2018,3.5,36.0,0,57825.399708,49.308193
NLD,2019,3.4722223,31.333334,0,60207.9957,49.565659
NLD,2020,3.4722223,33.333332,0,59821.266235,52.15403
NOR,2000,1.6388888,36.363636,0,36988.65878,40.902966
NOR,2001,1.5277778,35.757576,0,37827.470761,40.902966
NOR,2002,2.3611112,36.363636,0,38057.575494,40.902966
NOR,2003,2.25,36.363636,0,38683.295646,40.902966
NOR,2004,2.25,38.18182,0,42671.129526,40.902966
NOR,2005,2.4722223,37.869823,0,47969.885364,40.902966
NOR,2006,2.4722223,37.869823,0,54362.236354,41.545238
NOR,2007,2.8055556,36.094673,0,56177.479845,42.6511
NOR,2008,2.9722223,36.094673,0,62075.513764,45.578697
NOR,2009,3.6666667,39.64497,0,55617.679797,46.829773
NOR,2010,3.6666667,39.64497,0,58229.713025,47.255039
NOR,2011,3.7222223,39.64497,0,62461.20278,46.807133
NOR,2012,3.6666667,39.64497,0,65768.753269,45.018452
NOR,2013,3.6666667,39.64497,0,67372.928181,46.648712
NOR,2014,3.7222223,39.64497,0,66335.459647,49.008167
NOR,2015,3.7222223,39.64497,0,60721.583813,48.138676
NOR,2016,3.7222223,39.64497,0,59263.430471,48.614609
NOR,2017,3.7222223,41.42012,0,64589.163172,48.337029
NOR,2018,3.8333333,41.42012,0,70252.735449,48.211601
NOR,2019,3.8888888,40.828403,0,69915.01766,48.658932
NOR,2020,3.9444444,41.42012,0,65135.920669,50.841923
POL,2000,1.1388888,13.043478,1,10674.914757,14.184261
POL,2001,1.2777778,20.217392,1,11120.999556,15.197033
POL,2002,1.2777778,20.217392,1,11803.761357,16.765888
POL,2003,1.2777778,20.217392,1,12292.161883,20.421402
POL,2004,1.3333334,20.217392,1,13354.532874,23.180305
POL,2005,2.0833333,20.434782,1,13898.413011,25.536215
POL,2006,2.3611112,20.434782,1,15155.041822,28.039427
POL,2007,2.25,20.434782,1,16806.970491,30.047649
POL,2008,2.5833333,20.217392,1,18308.038986,32.133198
POL,2009,2.7777777,20.0,1,19074.444446,35.449848
POL,2010,2.9444444,20.0,1,20632.568496,37.126976
POL,2011,3.0,23.695652,1,22386.227115,38.998249
POL,2012,2.7222223,23.695652,1,23300.922905,40.798927
POL,2013,2.8888888,23.695652,1,24028.186721,41.82151
POL,2014,2.9444444,24.347826,1,25005.655694,42.60154
POL,2015,2.9444444,27.391304,1,26495.814917,43.193764
POL,2016,2.8333333,27.391304,1,27830.927735,43.47826
POL,2017,2.8888888,28.043478,1,29609.446369,43.526325
POL,2018,3.0555556,28.043478,1,31662.210541,43.523716
POL,2019,3.4166667,28.695652,1,34592.873746,43.484364
POL,2020,3.4722223,28.695652,1,34896.8226,42.433945
PRT,2000,1.3055556,17.391304,0,18880.30375,12.948861
PRT,2001,1.3888888,18.695652,0,19528.689533,14.205399
PRT,2002,1.4444444,19.130434,0,20356.721555,15.375848
PRT,2003,2.2777777,19.130434,0,20852.18351,16.865643
PRT,2004,2.2777777,19.130434,0,21477.874489,18.580444
PRT,2005,2.6666667,21.304348,0,22725.351606,19.114288
PRT,2006,2.6944444,21.304348,0,24681.096076,20.043453
PRT,2007,2.3611112,28.26087,0,25736.276906,21.415401
PRT,2008,2.6944444,28.26087,0,26665.771577,23.173708
PRT,2009,2.75,27.391304,0,26459.287172,23.341423
PRT,2010,2.75,27.391304,0,27260.554162,24.804928
PRT,2011,2.9166667,28.695652,0,26769.42769,26.924166
PRT,2012,2.8055556,28.695652,0,26438.140472,28.331631
PRT,2013,2.8055556,31.304348,0,27936.006299,29.313473
PRT,2014,2.1111112,31.304348,0,28742.313125,31.439877
PRT,2015,2.1666667,34.782608,0,29660.845901,33.139576
PRT,2016,2.3888888,34.782608,0,31607.610185,34.969795
PRT,2017,2.3888888,34.782608,0,33044.70015,34.031322
PRT,2018,2.3888888,34.782608,0,34928.61899,35.078072
PRT,2019,2.6666667,38.695652,0,37299.182306,37.36721
PRT,2020,2.7777777,40.0,0,34955.61156,41.910061
RUS,2000,0.55555558,7.7097507,1,7323.44018,52.537052
RUS,2001,0.6111111,7.572383,1,7898.522928,52.537052
RUS,2002,0.6111111,7.572383,1,8623.997299,52.537052
RUS,2003,0.72222221,7.572383,1,9940.232555,52.537052
RUS,2004,0.66666669,9.8434,1,10984.496611,52.537052
RUS,2005,0.66666669,9.8434,1,12698.299229,52.537052
RUS,2006,0.66666669,9.8434,1,16017.124233,52.537052
RUS,2007,0.66666669,14.0,1,17881.758587,52.537052
RUS,2008,0.66666669,14.0,1,21657.589062,52.537052
RUS,2009,0.66666669,14.0,1,20826.597968,52.537052
RUS,2010,0.66666669,14.0,1,22008.299275,52.537052
RUS,2011,0.66666669,13.555555,1,22798.673917,53.268311
RUS,2012,0.66666669,13.555555,1,24303.491049,53.534069
RUS,2013,1.0833334,13.555555,1,26073.873547,54.66906
RUS,2014,1.0833334,13.555555,1,25761.66151,55.64846
RUS,2015,1.0833334,13.555555,1,24085.312853,56.2855
RUS,2016,1.1666666,12.666667,1,24128.081806,57.57906
RUS,2017,1.1666666,15.777778,1,25926.431403,62.657864
RUS,2018,1.1666666,15.777778,1,28821.242897,62.09024
RUS,2019,1.1666666,15.777778,1,29967.119348,62.09024
RUS,2020,1.1666666,15.777778,1,29819.046969,62.09024
SVK,2000,1.1388888,14.0,1,11353.50553,11.197058
SVK,2001,1.1388888,14.0,1,12386.833868,11.86272
SVK,2002,1.4166666,17.333334,1,13307.878099,11.88759
SVK,2003,1.4722222,19.333334,1,14166.120035,13.217635
SVK,2004,1.4722222,16.666666,1,15197.889535,14.276714
SVK,2005,2.0833333,16.666666,1,16595.261602,16.254873
SVK,2006,2.1388888,20.0,1,18850.138473,16.639072
SVK,2007,1.8055556,19.333334,1,21138.750634,17.470783
SVK,2008,1.8055556,19.333334,1,23608.977522,18.438622
SVK,2009,2.4166667,18.0,1,22947.25335,20.587223
SVK,2010,2.3055556,15.333333,1,25221.414441,24.029381
SVK,2011,2.6944444,16.0,1,26260.184756,25.505198
SVK,2012,2.5833333,18.666666,1,27000.730262,26.97694
SVK,2013,3.1666667,18.666666,1,28021.090416,29.674646
SVK,2014,3.0,18.666666,1,29029.587681,29.826096
SVK,2015,2.8333333,18.666666,1,30062.179649,31.312998
SVK,2016,3.0555556,20.0,1,29737.53009,33.372261
SVK,2017,2.4166667,20.0,1,30147.015977,35.065048
SVK,2018,2.5555556,20.0,1,31374.187996,37.208523
SVK,2019,2.4444444,20.0,1,33459.324263,39.158154
SVK,2020,2.5,22.666666,1,32912.709886,39.042641
SVN,2000,0.52777779,12.222222,1,18000.439484,19.301691
SVN,2001,0.52777779,12.222222,1,18952.865227,19.680832
SVN,2002,0.52777779,12.222222,1,20236.432071,19.680832
SVN,2003,0.52777779,12.222222,1,21107.674871,23.663876
SVN,2004,0.52777779,12.222222,1,22758.123247,24.868273
SVN,2005,2.0277777,12.222222,1,23848.602419,24.686516
SVN,2006,2.0833333,12.222222,1,25706.215605,27.004595
SVN,2007,2.0833333,12.222222,1,27563.4752,30.066837
SVN,2008,2.25,13.333333,1,29594.665839,30.041327
SVN,2009,2.9166667,14.444445,1,27511.166476,30.383877
SVN,2010,2.8611112,14.444445,1,27822.232624,31.307655
SVN,2011,2.8611112,32.22222,1,28931.423641,33.815281
SVN,2012,2.75,32.22222,1,29048.325999,35.340069
SVN,2013,2.9166667,32.22222,1,29979.618841,37.393593
SVN,2014,2.8888888,35.555557,1,30872.72888,38.080215
SVN,2015,2.8888888,36.666668,1,31631.838376,40.758549
SVN,2016,2.9444444,36.666668,1,33942.76789,42.977364
SVN,2017,3.0,36.666668,1,36517.579273,44.566971
SVN,2018,3.0,24.444445,1,39008.297051,40.713264
SVN,2019,3.1666667,27.777779,1,42118.699287,44.105736
SVN,2020,3.2222223,27.777779,1,40885.50612,45.425419
SWE,2000,2.1666667,42.69341,0,29624.021363,33.639328
SWE,2001,2.3888888,42.69341,0,29933.209602,36.882835
SWE,2002,3.0555556,44.985672,0,30926.361002,39.169037
SWE,2003,3.0833333,45.272205,0,31816.571723,40.438534
SWE,2004,3.1388888,45.272205,0,33858.921497,42.302197
SWE,2005,3.0833333,45.272205,0,34244.359285,37.286453
SWE,2006,3.25,47.27794,0,37727.725135,39.131115
SWE,2007,3.0833333,46.991405,0,40910.324397,39.952
SWE,2008,3.4166667,46.991405,0,42158.296425,40.831505
SWE,2009,3.6111112,46.41834,0,40279.878892,42.351131
SWE,2010,3.6111112,44.985672,0,42221.760198,42.23127
SWE,2011,3.5,44.69914,0,44608.584887,42.86599
SWE,2012,3.3888888,44.69914,0,45432.431014,43.473869
SWE,2013,3.4444444,44.985672,0,46312.397402,44.817905
SWE,2014,3.5555556,44.69914,0,47184.673173,45.978123
SWE,2015,3.6111112,43.55301,0,49103.131953,46.408928
SWE,2016,3.6666667,43.55301,0,50430.25079,47.215698
SWE,2017,3.6111112,43.55301,0,51947.95578,47.388306
SWE,2018,3.6666667,46.131805,0,53521.635778,47.530075
SWE,2019,3.6111112,47.27794,0,56404.297122,48.373196
SWE,2020,3.8333333,46.991405,0,56140.551353,49.133411
TUR,2000,0.77777779,4.181818,0,9476.598346,8.8802376
TUR,2001,0.77777779,4.181818,0,9143.328196,9.1435289
TUR,2002,0.83333331,4.3636365,0,9279.072677,10.491946
TUR,2003,0.83333331,4.3636365,0,9597.936618,11.389406
TUR,2004,0.83333331,4.3636365,0,10884.319337,11.481482
TUR,2005,0.77777779,4.3636365,0,11910.606724,12.508089
TUR,2006,1.6111112,4.3636365,0,13640.767727,13.459621
TUR,2007,1.6111112,9.107468,0,14864.955058,14.199503
TUR,2008,1.6388888,9.107468,0,16038.231645,15.463108
TUR,2009,1.6944444,9.107468,0,15442.774202,16.639408
TUR,2010,2.5555556,9.107468,0,17345.833613,17.447386
TUR,2011,2.7777777,14.181818,0,19590.858369,18.87298
TUR,2012,2.3888888,14.181818,0,20627.440729,20.998264
TUR,2013,2.5277777,14.416059,0,22373.136543,22.456688
TUR,2014,2.5277777,14.416059,0,24104.984583,24.793388
TUR,2015,2.6111112,14.909091,0,25855.912681,27.517448
TUR,2016,2.6944444,14.909091,0,26695.909373,30.456598
TUR,2017,2.7777777,14.571949,0,28193.061398,31.588659
TUR,2018,2.7222223,17.449665,0,28281.473275,33.280041
TUR,2019,2.8888888,17.449665,0,28011.322789,35.325356
TUR,2020,2.8888888,17.317488,0,27973.899303,39.825943
